single-,contestant,Days,InRCW,InICW,TRCW,TICW,Sex,Age,Idol,Season,Finish,Won
S1,Richard Hatch,39,0,1,2,3,0,38,0,1,1,1
S1,Kelly Wiglesworth,39,1,4,2,3,1,22,0,1,2,0
S1,Rudy Boesch,38,0,1,2,2,0,72,0,1,3,0
S1,Sue Hawk,37,0,0,2,3,1,38,0,1,4,0
S1,Sean Keniff,36,1,0,2,3,0,30,0,1,5,0
S1,Colleen Haskell,33,2,0,1,3,1,23,0,1,6,0
S1,Gervase Peterson,30,1,1,2,3,0,30,0,1,7,0
S1,Jenna Lewis,27,0,0,3,3,1,22,0,1,8,0
S1,Greg Buis,24,1,1,1,3,0,24,0,1,9,0
S1,Gretchen Cordy,21,0,0,3,3,1,38,0,1,10,0
S1,Joel Klug,18,0,0,2,3,0,27,0,1,11,0
S1,Dirk Been,15,0,0,2,2,0,23,0,1,12,0
S1,Ramona Gray,12,0,0,1,2,1,29,0,1,13,0
S1,Stacey Stillman,9,0,0,1,1,1,27,0,1,14,0
S1,B.B. Andersen,6,0,0,1,1,0,64,0,1,15,0
S1,Sonja Christopher,3,0,0,0,0,1,63,0,1,16,0
S10,Tom Westman,39,0,5,4,4,0,40,0,10,1,1
S10,Ian Rosenberger,38,1,2,3,4,0,23,0,10,3,0
S10,Katie Gallagher,39,0,0,2,3,1,29,0,10,2,0
S10,Gregg Carey,33,1,0,4,5,0,27,0,10,6,0
S10,Jenn Lyon,37,0,0,2,5,1,32,0,10,4,0
S10,Bobby Jon Drinkard,21,0,0,3,0,0,27,0,10,10,0
S10,Caryn Groedel,36,0,0,3,4,1,46,0,10,5,0
S10,Stephenie LaGrossa,30,0,0,3,1,1,24,0,10,7,0
S10,Coby Archa,24,0,0,2,6,0,32,0,10,9,0
S10,James Miller,15,0,0,3,0,0,33,0,10,12,0
S10,Angie Jakusz,12,0,0,2,0,1,24,0,10,13,0
S10,Jeff Wilson,8,0,0,2,0,0,21,0,10,16,0
S10,Janu Tornell*,27,0,0,2,5,1,39,0,10,8,0
S10,Ibrehem Rahman,18,0,0,3,0,0,27,0,10,11,0
S10,Kim Mullen,11,0,0,2,0,1,25,0,10,15,0
S10,Ashlee Ashby,6,0,0,1,0,1,22,0,10,17,0
S10,Jolanda Jones,3,0,0,0,0,1,38,0,10,18,0
S10,Willard Smith,12,0,0,1,3,0,56,0,10,14,0
S10,Wanda Shirk,2,0,0,0,0,1,55,0,10,19,0
S10,Jonathan Libby,2,0,0,0,0,0,23,0,10,20,0
S11,Danni Boatwright,39,0,2,6,3,1,29,0,11,1,1
S11,Stephenie LaGrossa,39,0,1,2,3,1,25,0,11,2,0
S11,Rafe Judkins,38,0,4,1,3,0,22,0,11,3,0
S11,Lydia Morales,37,0,0,0,2,1,42,0,11,4,0
S11,Cindy Hall,36,2,0,4,4,1,30,0,11,5,0
S11,Judd Sergeant,33,1,0,5,4,0,34,0,11,6,0
S11,Gary Hogeboom,30,0,1,3,2,0,46,1,11,7,0
S11,Jamie Newton,27,0,1,1,3,0,24,0,11,8,0
S11,Bobby Jon Drinkard,24,0,0,5,3,0,28,0,11,9,0
S11,Brandon Bellinger,21,0,0,5,3,0,22,0,11,10,0
S11,Amy O'Hara,18,0,0,2,2,1,39,0,11,11,0
S11,Brian Corridan,15,0,0,1,2,0,22,0,11,12,0
S11,Margaret Bobonich,15,0,0,4,3,1,43,0,11,13,0
S11,Blake Towsley,14,0,0,4,3,0,24,0,11,14,0
S11,Brooke Struck,11,0,0,3,2,1,25,0,11,15,0
S11,Brianna Varela,8,0,0,0,1,1,21,0,11,16,0
S11,Morgan McDevitt,6,0,0,0,1,1,21,0,11,17,0
S11,Jim Lynch,3,0,0,1,0,0,63,0,11,18,0
S12,Aras Baskauskas,39,1,1,3,3,0,24,0,12,1,1
S12,Danielle DiLorenzo,39,0,1,2,4,1,24,0,12,2,0
S12,Terry Deitz,38,2.5,5,4,2,0,46,1,12,3,0
S12,Cirie Fields,36,1,0,1,3,1,35,0,12,4,0
S12,Shane Powers,33,0,0,2,3,0,34,0,12,5,0
S12,Courtney Marit,30,0,0,3,3,1,31,0,12,6,0
S12,Bruce Kanegai*,25,0,0,4,3,0,57,0,12,7,0
S12,Sally Schumann,24,0,0,4,3,1,26,0,12,8,0
S12,Austin Carty,21,0,0,2,2,0,24,0,12,9,0
S12,Nick Stanbury,18,0,0,2,2,0,25,0,12,10,0
S12,Dan Barry,15,0,0,2,2,0,51,0,12,11,0
S12,BobDawg Mason,14,0,0,2,1,0,32,0,12,12,0
S12,Ruth-Marie Milliman,11,0,0,2,1,1,48,0,12,13,0
S12,Misty Giles,8,0,0,2,2,1,24,0,12,14,0
S12,Melinda Hyder,6,0,0,0,0,1,32,0,12,15,0
S12,Tina Scheer,3,0,0,0,0,1,44,0,12,16,0
S13,Yul Kwon,39,0,0,5,6,0,31,1,13,1,1
S13,Ozzy Lusth,39,1,5,5,4,0,24,0,13,2,0
S13,Becky Lee,39,0,0,5,6,1,28,0,13,3,0
S13,Sundra Oakley,38,0,0,4,4,1,31,0,13,4,0
S13,Adam Gentry,37,0,1,1,2,0,27,0,13,5,0
S13,Parvati Shallow,36,1,0,1,3,1,23,0,13,6,0
S13,Jonathan Penner,33,0,0,3,3,0,44,0,13,7,0
S13,Candice Woodcock,30,0,0,3,3,1,23,0,13,8,0
S13,Nate Gonzalez,27,0,0,1,2,0,25,0,13,9,0
S13,Jenny Guzon-Bae,24,0,0,1,4,1,36,0,13,10,0
S13,Rebecca Borman,24,0,0,1,2,1,34,0,13,11,0
S13,Brad Virata,21,0,0,1,4,0,29,0,13,12,0
S13,Jessica 'Flica' Smith,18,0,0,2,3,1,27,0,13,13,0
S13,Cristina Coria,15,0,0,1,1,1,35,0,13,14,0
S13,Anh-Tuan 'Cao Boi' Bui,15,0,0,1,4,0,42,0,13,15,0
S13,Stephannie Favor,14,0,0,1,1,1,35,0,13,16,0
S13,J.P. Calderon,11,0,0,0,1,0,30,0,13,17,0
S13,Cecilia Mansilla,8,0,0,0,0,1,29,0,13,18,0
S13,Billy Garcia,6,0,0,0,0,0,36,0,13,19,0
S13,Sekou Bunch,3,0,0,0,0,0,45,0,13,20,0
S14,Earl Cole,39,0,0,2,4,0,35,1,14,1,1
S14,Cassandra Franklin,39,1,0,3,8,1,24,0,14,3,0
S14,Dreamz Herd,39,0,1,5,5,0,42,0,14,3,0
S14,Yau-Man Chan,38,1,2,1,4,0,54,1,14,4,0
S14,Boo Bernis,37,1,2,5,9,0,34,0,14,5,0
S14,Stacy Kimball,36,0,1,6,8,1,27,0,14,6,0
S14,Alex Angarita,33,0,0,5,5,0,28,0,14,7,0
S14,Mookie Lee,30,0,0,1,0,0,24,1,14,8,0
S14,Edgardo Rivera,27,0,0,4,6,0,28,0,14,9,0
S14,Michelle Yi,24,0,0,1,3,1,22,0,14,10,0
S14,Lisi Linares,21,0,0,3,4,1,36,0,14,11,0
S14,James 'Rocky' Reid,19,0,0,1,0,0,28,0,14,12,0
S14,Anthony Robinson,16,0,0,0,0,0,32,0,14,13,0
S14,Rita Verreos,14,0,0,0,0,1,38,0,14,14,0
S14,Liliana Gomez,11,0,0,2,4,1,25,0,14,15,0
S14,Gary Stritesky*,10,0,0,1,3,0,55,0,14,16,0
S14,Sylvia Kwan,8,0,0,0,0,1,52,0,14,17,0
S14,Erica Durousseau,6,0,0,0,0,1,26,0,14,18,0
S14,Jessica DeBen,3,0,0,0,0,1,27,0,14,19,0
S15,Todd Herzog,39,0,0,3,4,0,22,1,15,1,1
S15,Courtney Yates,39,0,1,2,2,1,26,0,15,2,0
S15,Amanda Kimmel,39,1,2,4,3,1,22,0,15,3,0
S15,Denise Martin,39,2,0,2,4,1,40,0,15,4,0
S15,Peih-Gee Law,36,1,2,1,2,1,29,0,15,5,0
S15,Erik Huffman,33,0,1,2,2,0,26,0,15,6,0
S15,James Clement,30,0,0,3,4,0,30,1,15,7,0
S15,Frosti Zernow,27,0,1,3,2,0,20,0,15,8,0
S15,Jean-Robert Bellande,24,0,0,4,3,0,36,0,15,9,0
S15,Jaime Dugan,21,0,0,1,2,1,21,0,15,10,0
S15,Sherea Lloyd,18,0,0,2,2,1,25,0,15,11,0
S15,Aaron Reisberger,15,0,0,2,3,0,32,0,15,12,0
S15,Dave Cruser,12,0,0,1,1,0,37,0,15,13,0
S15,Leslie Nease,9,0,0,1,1,1,38,0,15,14,0
S15,Ashley Massaro,6,0,0,0,0,1,28,0,15,15,0
S15,Chicken Morris,3,0,0,0,0,0,47,0,15,16,0
S16,Parvati Shallow,39,0,1,4,5,1,25,1,16,1,1
S16,Amanda Kimmel,39,0,2,4,2,1,23,1,16,2,0
S16,Cirie Fields,38,0,0,3,2,1,37,0,16,3,0
S16,Natalie Bolton,37,0,0,1,6,1,31,0,16,4,0
S16,Erik Reichenbach,36,1,3,2,2,0,21,0,16,5,0
S16,Alexis Jones,33,1,0,2,5,1,24,0,16,6,0
S16,James Clement*,31,0,0,4,6,0,30,0,16,7,0
S16,Jason Siska,30,0,1,3,6,0,22,1,16,8,0
S16,Ozzy Lusth,27,0,0,4,2,0,26,1,16,9,0
S16,Eliza Orlins,24,0,0,4,6,1,24,0,16,10,0
S16,Ami Cusack,21,0,0,3,2,1,34,0,16,11,0
S16,Tracy Hughes-Wolf,20,0,0,1,2,1,43,0,16,12,0
S16,Kathy Sleckman*,19,0,1,2,4,1,45,0,16,13,0
S16,Chet Welch,17,0,0,0,2,0,48,0,16,14,0
S16,Jonathan Penner*,15,0,0,4,3,0,45,0,16,15,0
S16,Joel Anderson,14,0,0,0,2,0,32,0,16,16,0
S16,Mikey B' Bortone,11,0,0,0,2,0,33,0,16,17,0
S16,Yau-Man Chan,8,0,1,1,1,0,55,0,16,18,0
S16,Mary Sartain,6,0,0,0,1,1,28,0,16,19,0
S16,Jonny Fairplay,3,0,0,0,0,0,33,0,16,20,0
S17,Bob Crowley,39,2,3,4,5,0,57,0,17,1,1
S17,Susie Smith,39,0,2,4,3,1,47,0,17,2,0
S17,Jessica 'Sugar' Kiper,39,0,0,2,3,1,29,1,17,3,0
S17,Matty Whitmore,38,0,0,2,2,0,29,0,17,4,0
S17,Ken Huang,37,0,1,0,1,0,22,0,17,5,0
S17,Crystal Cox,36,0,0,1,1,1,29,0,17,6,0
S17,Corinne Kaplan,33,0,0,2,6,1,29,0,17,7,0
S17,Randy Bailey,30,0,0,5,5,0,49,1,17,8,0
S17,Charlie Herschel,27,0,0,4,6,0,29,0,17,9,0
S17,Marcus Lehman,24,0,2,4,5,0,28,0,17,10,0
S17,Dan Kay,21,0,0,4,4,0,31,0,17,11,0
S17,Ace Gordon,21,0,0,1,2,0,27,0,17,12,0
S17,Kelly Czarnecki,18,0,0,1,2,1,22,0,17,13,0
S17,Danny 'GC' Brown,15,0,1,1,1,0,25,0,17,14,0
S17,Jacquie Berg,12,0,0,1,2,1,25,0,17,15,0
S17,Paloma Soto-Castillo,9,0,0,1,1,1,23,0,17,16,0
S17,Gillian Larson,6,0,0,0,0,1,61,0,17,17,0
S17,Michelle Chase,3,0,0,0,0,1,24,0,17,18,0
S18,J.T. Thomas,39,1,3,5,2,0,24,0,18,1,1
S18,Stephen Fishbach,39,1,1,2,2,0,29,0,18,2,0
S18,Erinn Lobdell,38,0,0,1,4,1,26,0,18,3,0
S18,Taj' Johnson-George,37,0,0,3,2,1,37,1,18,4,0
S18,Coach Wade,36,0,1,1,4,0,37,0,18,5,0
S18,Debbie Beebe,33,0,1,3,3,1,46,0,18,6,0
S18,Sierra Reed,30,0,0,1,4,1,23,0,18,7,0
S18,Tyson Apostol,27,0,2,2,4,0,29,0,18,8,0
S18,Brendan Synnott,24,0,0,2,4,0,30,1,18,9,0
S18,Joe Dowdle*,20,0,0,3,2,0,26,0,18,10,0
S18,Sydney Wheeler,18,0,0,2,2,1,24,0,18,11,0
S18,Spencer Duhm,15,0,0,2,2,0,18,0,18,12,0
S18,Sandy Burgin,12,0,0,1,2,1,53,0,18,13,0
S18,Jerry Sims,9,0,0,0,1,0,49,0,18,14,0
S18,Candace Smith,6,0,0,0,1,1,31,0,18,15,0
S18,Carolina Eastwood,3,0,0,0,0,1,27,0,18,16,0
S19,Natalie White,39,0,0,1,1,1,26,0,19,1,1
S19,Russell Hantz,39,0,1,2.5,1,0,36,3,19,2,0
S19,Mick Trimming,39,0,1,0,1,0,33,0,19,3,0
S19,Brett Clouser,38,0,3,3,3,0,23,0,19,4,0
S19,Jaison Robinson,37,0,2,1.5,1,0,28,0,19,5,0
S19,Shambo Waters,36,0,0,3.5,3,1,45,0,19,6,0
S19,Monica Padilla,33,0,0,3,3,1,24,0,19,7,0
S19,Dave Ball,31,0,0,3.5,4,0,38,0,19,8,0
S19,John Fincher,30,0,1,2,4,0,25,0,19,9,0
S19,Laura Morett,27,0,2,2,4,1,39,0,19,10,0
S19,Kelly Sharbaugh,24,0,0,1,5,1,25,0,19,11,0
S19,Erik Cardona,21,0,0,2,4,0,28,1,19,12,0
S19,Liz Kim,18,0,0,0.5,1,1,33,0,19,13,0
S19,Russell Swan*,15,0,0,1.5,4,0,42,0,19,14,0
S19,Ashley Trainer,14,0,0,0,1,1,22,0,19,15,0
S19,Yasmin Giles,11,0,0,0,2,1,33,0,19,16,0
S19,Ben Browning,9,0,0,0,0,0,28,0,19,17,0
S19,Betsy Bolan,6,0,0,0,0,1,48,0,19,18,0
S19,Mike Borassi *,5,0,0,0,0,0,62,0,19,19,0
S19,Marisa Calihan,3,0,0,0.5,0,1,25,0,19,20,0
S2,Tina Wesson,42,0,0,2,2,1,39,0,2,1,1
S2,Colby Donaldson,42,2,5,3,2,0,26,0,2,2,0
S2,Keith Famie,41,0,2,2,2,0,40,0,2,3,0
S2,Elisabeth Filarski,39,0,0,3,3,1,23,0,2,4,0
S2,Rodger Bingham,36,0,0,1,3,0,53,0,2,5,0
S2,Amber Brkich,33,0,0,2,2,1,22,0,2,6,0
S2,Nick Brown,30,0,1,3,3,0,23,0,2,7,0
S2,Jerri Manthey,27,1,0,3,2,1,30,0,2,8,0
S2,Alicia Calaway,24,0,0,3,3,1,32,0,2,9,0
S2,Jeff Varner,21,0,0,3,3,0,34,0,2,10,0
S2,Mike Skupin*,17,0,0,3,3,0,38,0,2,11,0
S2,Kimmi Kappenberg,15,0,0,1,3,1,27,0,2,12,0
S2,Mitchell Olson,12,0,0,2,1,0,23,0,2,13,0
S2,Maralyn Hershey,9,0,0,2,1,1,51,0,2,14,0
S2,Kel Gleason,6,0,0,1,1,0,32,0,2,15,0
S2,Debb Eaton,3,0,0,0,0,1,45,0,2,16,0
S20,Sandra Diaz-Twine,39,0,0,2,3,1,35,1,20,1,1
S20,Parvati Shallow,39,0,3,1,4,1,26,1,20,2,0
S20,Jerri Manthey,38,1,1,3,4,1,38,0,20,4,0
S20,Russell Hantz,39,0,2,2,3,0,36,2,20,3,0
S20,Danielle DiLorenzo,33,0,1,4,3,1,28,0,20,7,0
S20,Candice Woodcock,31,0,1,3,4,1,26,0,20,8,0
S20,Boston Rob Mariano,18,0.5,1,2,4,0,33,0,20,13,0
S20,J.T. Thomas,27,0,0,3,4,0,25,1,20,10,0
S20,Cirie Fields,11,0,0,1,1,1,39,0,20,17,0
S20,Colby Donaldson,37,0,0,4,4,0,35,0,20,5,0
S20,Amanda Kimmel,30,0,0,4,4,1,25,0,20,9,0
S20,Tyson Apostol,15,0,0,2,3,0,30,0,20,15,0
S20,Rupert Boneham,36,0,0,3,4,0,45,0,20,6,0
S20,Tom Westman,14,0,0,1,1,0,45,1,20,16,0
S20,James Clement,15,0,0,1,1,0,32,0,20,14,0
S20,Coach Wade,21,0,0,2,4,0,37,0,20,12,0
S20,Stephenie LaGrossa,6,0,0,1,0,1,29,0,20,19,0
S20,Courtney Yates,24,0,0,2,2,1,28,0,20,11,0
S20,Randy Bailey,8,0,0,0,1,0,50,0,20,18,0
S20,Sugar Kiper,3,0,0,1,0,1,30,0,20,20,0
S21,Fabio Birza,39,0,4,2,4,0,21,0,21,1,1
S21,Chase Rice,39,2,0,4,4,0,24,0,21,2,0
S21,Sash Lenahan,39,0,1,1,4,0,30,0,21,3,0
S21,Holly Hoffman,38,0,1,3,2,1,44,0,21,4,0
S21,Dan Lembo,37,0,0,3,2,0,63,0,21,5,0
S21,Jane Hammett Bright,36,0,2,1,2,1,56,0,21,6,0
S21,"Ben ""Benry"" Henry",32,0,0,4,4,0,23,0,21,7,0
S21,Purple Kelly Shinn *,28,0,0,1,3,1,20,0,21,8,0
S21,NaOnka Mixon *,28,0,0,4,4,1,27,1,21,9,0
S21,Brenda Lowe,27,0,1,0,4,1,27,0,21,10,0
S21,Marty Piombo,24,0,0,1,2,0,48,1,21,11,0
S21,Alina Wilson,22,0,0,2,4,1,23,0,21,12,0
S21,Jill Behm,18,0.5,1,0,2,1,43,0,21,13,0
S21,Yve Rojas,15,0,0,1,1,1,41,0,21,14,0
S21,Kelly Bruno,15,0,0,0,3,1,26,0,21,15,0
S21,Tyrone Davis,14,0,0,1,1,0,42,0,21,16,0
S21,Jimmy Tarantino,11,0,0,0,1,0,47,0,21,17,0
S21,Jimmy Johnson,8,0,0,0,1,0,66,0,21,18,0
S21,Shannon Elkins,6,0,0,0,1,0,30,0,21,19,0
S21,Wendy Jo DeSmidt-Kohlhoff,3,0,0,0,0,1,48,0,21,20,0
S22,Boston Rob Mariano,39,0,4,0,4,0,34,1,22,1,1
S22,Natalie Tenerelli,39,0,1,0,4,1,19,0,22,3,0
S22,Ashley Underwood,38,0,2,0,4,1,25,0,22,4,0
S22,Matt Elrod,36,0,0,0,0,0,21,0,22,8,0
S22,Grant Mattos,36,0,2,0,4,0,29,0,22,6,0
S22,Mike Chiesl,36,0,0,0,3,0,30,0,22,7,0
S22,Andrea Boehlke,37,0,1,0,4,1,21,0,22,5,0
S22,Phillip Sheppard,39,0,0,0,4,0,52,0,22,2,0
S22,Sarita White,19,0,0,0,3,1,35,0,22,13,0
S22,Julie Wolfe,28,0,0,0,3,1,50,0,22,11,0
S22,Steve Wright,31,0,0,0,3,0,51,0,22,10,0
S22,Ralph Kiser,33,0,0,0,3,0,44,1,22,9,0
S22,David Murphy,27,0,0,0,2,0,31,0,22,12,0
S22,Stephanie Valencia,17,0,0,0,3,1,25,0,22,14,0
S22,Krista Klumpp,14,0,0,0,2,1,25,0,22,15,0
S22,Russell Hantz,10,0,0,0,2,0,37,0,22,17,0
S22,Kristina Kell,12,0,0,0,1,1,45,1,22,16,0
S22,Francesca Hogi,6,0,0,0,0,1,36,0,22,18,0
S23,Coach Wade,39,0,1,0,4,0,39,1,23,2,0
S23,Sophie Clarke,39,0,3,0,4,1,21,0,23,1,1
S23,Albert Destrade,39,0,1,0,4,0,26,0,23,3,0
S23,Ozzy Lusth,38,0.5,2,0,3,0,29,1,23,4,0
S23,Brandon Hantz,36,0,1,0,4,0,19,0,23,6,0
S23,Elyse Umemoto,15,0,0,0,2,1,27,0,23,15,0
S23,Whitney Duncan,28,0,1,0,3,1,26,0,23,9,0
S23,Dawn Meehan,28,0,1,0,3,1,40,0,23,10,0
S23,Mikayla Wingle,17,0,0,0,3,1,21,0,23,14,0
S23,Christine Shields-Markoski,20,0,0,0,1,1,39,0,23,13,0
S23,Jim Rice,25,0,1,0,3,0,35,0,23,12,0
S23,Keith Tollefson,25,0,0,0,3,0,25,0,23,11,0
S23,Rick Nelson,37,0,0,0,4,0,51,0,23,5,0
S23,John Cochran,31,0,0,0,3,0,24,0,23,8,0
S23,Edna Ma,33,0,0,0,4,1,35,0,23,7,0
S23,Papa Bear Caruso,9,0,0,0,1,0,47,0,23,17,0
S23,Stacey Powell,12,0,0,0,2,1,43,0,23,16,0
S23,Semhar Tadesse,6,0,0,0,0,1,24,0,23,18,0
S24,Kim Spradlin,39,1,4,5,2,1,28,1,24,1,1
S24,Sabrina Robinson,39,0,0,5,2,1,33,1,24,2,0
S24,Chelsea Meissner,39,1,1,5,2,1,26,0,24,3,0
S24,Troyzan Robertson,30,0,2,5,4,0,50,1,24,8,0
S24,Jay Byars,25,0,1,5,4,0,24,0,24,10,0
S24,Alicia Rosa,37,0,1,4,1,1,24,0,24,5,0
S24,Kat Edorsson,33,1,0,5,2,1,22,0,24,7,0
S24,Leif Manson,27,0,0,2,3,0,27,0,24,9,0
S24,Colton Cumbie*,16,0,0,1,3,0,20,0,24,13,0
S24,Michael Jefferson,22,0,0,3,4,0,29,0,24,11,0
S24,Jonas Otsuji,20,0,0,1,2,0,37,0,24,12,0
S24,Tarzan Smith,36,0,0,2,2,0,63,0,24,6,0
S24,Christina Cha,38,0,0,4,1,1,28,0,24,4,0
S24,Bill Posley,11,0,0,1,3,0,27,0,24,15,0
S24,Monica Culpepper,14,0,0,2,1,1,41,0,24,14,0
S24,Matt Quinlan,8,0,0,1,2,0,33,0,24,16,0
S24,Kourtney Moon*,3,0,0,0,0,1,29,0,24,18,0
S24,Nina Acosta,5,0,0,0,0,1,51,0,24,17,0
S25,Mike Skupin,39,1,2,1,3,0,50,0,25,2,0
S25,Denise Stapley,39,0,1,3,0,1,41,0,25,1,1
S25,Malcolm Freberg,38,2,2,4,2,0,24,1,25,4,0
S25,Lisa Whelchel,39,0,0,2,3,1,48,0,25,2,0
S25,Carter Williams,33,0,2,3,2,0,24,0,25,6,0
S25,Jonathan Penner,30,0,1,3,2,0,50,1,25,7,0
S25,Artis Silvester,25,0,0,1,4,0,52,0,25,9,0
S25,Jeff Kent,22,0,0,1,2,0,44,0,25,10,0
S25,Russ Swan,10,0,0,0,0,0,45,0,25,15,0
S25,Pete Yurkowski,27,0,0,2,4,0,24,0,25,8,0
S25,Angie Layton,8,0,0,0,0,1,20,0,25,16,0
S25,Abi-Maria Gomes,36,0,1,2,0,1,32,1,25,5,0
S25,Katie Hanson,16,0,0,0,1,1,22,0,25,12,0
S25,Roxy Morris,6,0,0,0,0,1,27,0,25,17,0
S25,RC Saint-Amour,19,0,0,1,3,1,26,0,25,11,0
S25,Dana Lambert*,12,0,0,0,2,1,32,0,25,14,0
S25,Sarah Dawson,13,0,0,0,1,1,28,0,25,13,0
S25,Zane Knight,3,0,0,0,0,0,28,0,25,18,0
S26,John Cochran,39,1,3,4,3,0,25,0,26,1,1
S26,Dawn Meehan,39,0,1,3,2,1,41,0,26,2,0
S26,Brenda Lowe,36,1,1,3,5,1,29,0,26,6,0
S26,Erik Reichenbach*,36,0,1,5,5,1,26,1,26,5,0
S26,Andrea Boehlke,33,0,1,3,5,1,23,0,26,7,0
S26,Malcolm Freberg,30,0,0,4,5,0,25,2,26,9,0
S26,Phillip Sheppard,28,0,0,4,3,0,54,0,26,10,0
S26,Sherri Biethman,39,0,0,1,2,1,40,0,26,2,0
S26,Corinne Kaplan,22,0,1,3,2,1,33,0,26,12,0
S26,Reynold Toepfer,31,0,0,3,3,0,29,2,26,8,0
S26,Julia Landauer,19,0,0,0,1,1,20,0,26,13,0
S26,Laura Alexander,10,0,0,0,1,1,22,0,26,16,0
S26,Matt Bischoff,16,0,0,0,1,0,38,0,26,14,0
S26,Michael Snow,25,0,0,1,1,0,43,0,26,11,0
S26,Eddie Fox,38,0,0,2,3,0,23,0,26,4,0
S26,Brandon Hantz,13,0,0,3,3,0,20,0,26,15,0
S26,Shamar Thomas*,10,0,0,0,1,0,26,0,26,17,0
S26,Francesca Hogi,3,0,0,1,0,1,38,0,26,20,0
S26,Allie Pohevitz,5,0,0,0,1,1,24,0,26,19,0
S26,Hope Driskill,7,0,0,0,1,1,22,0,26,18,0
S27,Tyson Apostol,39.5,0,2,0,6,0,33,2,27,1,1
S27,Monica Culpepper,39.5,0,3,0,3,1,42,0,27,2,0
S27,Gervase Peterson,39.5,0,1,0,6,0,43,0,27,3,0
S27,Laura Morett.,36.5,0,0,0,4,1,43,0,27,6,0
S27,Caleb Bankston,30.5,0,0,0,3,0,26,0,27,9,0
S27,John Cody,19.5,0,0,0,0,0,30,0,27,13,0
S27,Katie Collins,33.5,0,1,0,1,1,25,0,27,8,0
S27,Brad Culpepper,14.5,0,0,0,0,0,44,0,27,15,0
S27,Vytas Baskauskas,27.5,0,1,0,1,0,33,0,27,10,0
S27,Tina Wesson,38.5,0,0,0,3,1,52,0,27,4,0
S27,Hayden Moss,36.5,0,0,0,3,0,26,0,27,7,0
S27,Ciera Eastin,37.5,0,1,0,2,1,24,0,27,5,0
S27,Kat Edorsson,17.5,0,0,0,2,1,23,0,27,14,0
S27,Aras Baskauskas,25.5,0,0,0,6,0,31,0,27,11,0
S27,Laura Boneham,19.5,0,0,0,4,1,44,0,27,12,0
S27,Colton Cumbie*,7.5,0,0,0,2,0,22,0,27,19,0
S27,Candice Cody,11.5,0,0,0,0,1,30,0,27,16,0
S27,Rachel Foulger,7.5,0,0,0,0,1,33,0,27,18,0
S27,Marissa Peterson,9.5,0,0,0,0,1,21,0,27,17,0
S27,Rupert Boneham,4.5,0,0,0,0,0,49,0,27,20,0
S28,Tony Vlachos,39,1,0,3,2,0,39,3,28,1,1
S28,Woo Hwang,39,0,2,3,3,0,29,0,28,2,0
S28,Tasha Fox,33,0,3,1,1,1,36,0,28,6,0
S28,Spencer Bledsoe,37,0,3,4,1,0,21,1,28,4,0
S28,Kass McQuillen,38,0,1,1,1,1,41,0,28,3,0
S28,Jefra Bland,30,0,0,5,3,1,23,0,28,7,0
S28,Trish Hegarty,36,0,0,2,3,1,47,0,28,5,0
S28,LJ McKanas,25,0,0,4,3,0,34,1,28,9,0
S28,Jeremiah Wood,28,0,0,4,3,0,34,0,28,8,0
S28,Sarah Lacina,19,0,0,0,3,1,29,0,28,11,0
S28,Garrett Adelstein,6,0,0,0,0,0,27,1,28,17,0
S28,Alexis Maxwell,16,0,0,1,2,1,21,0,28,12,0
S28,J'Tia Taylor,11,0,0,0,0,1,31,0,28,15,0
S28,Morgan McLeod,22,0,0,1,2,1,21,0,28,10,0
S28,Cliff Robinson,14,0,0,1,1,0,46,0,28,14,0
S28,Lindsey Ogle*,14,0,0,1,1,1,29,0,28,13,0
S28,Brice Johnston,8,0,0,0,1,0,27,0,28,16,0
S28,David Samson,3,0,0,0,0,0,45,0,28,18,0
S29,Natalie Anderson,39.5,1,1,2,5,1,28,1,29,1,1
S29,Jaclyn Schultz,39.5,0,1,1,1,1,25,0,29,2,0
S29,Keith Nale,38.5,1,3,2,2,0,53,1,29,4,0
S29,Jon Misch,35.5,0,1,2,3,0,26,2,29,6,0
S29,Jeremy Collins,24.5,0,1,2,5,0,36,0,29,10,0
S29,Missy Payne,39.5,0,0,1,3,1,46,0,29,3,0
S29,Wes Nale,26.5,0,0,1,3,0,23,0,29,9,0
S29,Reed Kelly,29.5,0,1,3,5,0,31,0,29,8,0
S29,Alec Christy,32.5,0,0,2,3,0,22,0,29,7,0
S29,Baylor Wilson,37.5,0,1,1,1,1,20,0,29,5,0
S29,Kelley Wentworth,13.5,0,0,0,3,1,27,0,29,14,0
S29,Josh Canfield,21.5,0,0,0,3,0,32,0,29,11,0
S29,Julie McGee*,18.5,0,0,0,3,1,34,0,29,12,0
S29,John Rocker,8.5,0,0,0,0,0,39,1,29,16,0
S29,Dale Wentworth,15.5,0,0,0,1,0,55,0,29,13,0
S29,Drew Christy,10.5,0,0,0,3,0,25,0,29,15,0
S29,Nadiya Anderson,3.5,0,0,0,0,1,28,0,29,18,0
S29,Val Collins,6.5,0,0,0,0,1,35,0,29,17,0
S3,Ethan Zohn,39,1,1,2,3,0,27,0,3,1,1
S3,Mama Kim Johnson,39,0,2,2,3,1,56,0,3,2,0
S3,Lex Van de Berghe,38,2,3,2,3,0,38,0,3,3,0
S3,Big Tom Buchanan,37,0,1,1,3,0,45,0,3,4,0
S3,Teresa Cooper,36,0,1,3,3,1,42,0,3,5,0
S3,Kim Powers,33,0,0,3,3,1,29,0,3,6,0
S3,Frank Garrison,30,0,0,4,3,0,42,0,3,7,0
S3,Brandon Quinton,27,0,0,4,3,0,25,0,3,8,0
S3,Kelly Goldsmith,24,0,0,2,3,1,22,0,3,9,0
S3,Clarence Black,21,0,0,2,3,0,24,0,3,10,0
S3,Lindsey Richter,18,0,0,3,3,1,26,0,3,11,0
S3,Silas Gaither,15,0,0,3,2,0,23,0,3,12,0
S3,Linda Spencer,12,0,0,0,2,1,44,0,3,13,0
S3,Carl Bilancione,9,0,0,1,2,0,46,0,3,14,0
S3,Jessie Camacho,6,0,0,0,0,1,26,0,3,15,0
S3,Diane Ogden,3,0,0,0,0,1,42,0,3,16,0
S30,Mike Holloway,39,1,5,4,2,0,38,1,30,1,1
S30,Carolyn Rivera,39,0,2,4,2,1,52,1,30,2,0
S30,Joe Anglim,24,1,2,2,3,0,25,0,30,10,0
S30,Will Sims,39,0,0,4,3,0,41,0,30,2,0
S30,Tyler Fredrickson,32,0,1,3,2,0,33,0,30,7,0
S30,Sierra Thomas,37,0,0,3,2,1,27,0,30,5,0
S30,Hali Ford,22,0,0,2,3,1,25,0,30,11,0
S30,Dan Foley,35,0,0,3,2,0,47,0,30,6,0
S30,Max Dawson,14,0,0,0,1,0,37,0,30,14,0
S30,Shirin Oskooi,29,0,0,1,1,1,31,0,30,8,0
S30,Jenn Brown,27,0,0,2,3,1,22,1,30,9,0
S30,Rodney Lavoie,38,0,0,1,2,0,24,0,30,4,0
S30,Kelly Remington,19,0,0,1,2,1,44,0,30,12,0
S30,Joaquin Souberbielle,16,0,0,1,2,0,27,0,30,13,0
S30,Lindsey Cascaddan,11,0,0,0,0,1,24,0,30,15,0
S30,Nina Poersch,8,0,0,0,1,1,51,0,30,16,0
S30,Vince Sly,6,0,0,0,1,0,32,0,30,17,0
S30,So Kim,3,0,0,0,0,1,31,0,30,18,0
S4,Vecepia Towery,39,0,2,0,2,1,35,0,4,1,1
S4,Neleh Dennis,39,0,1,3,4,1,21,0,4,2,0
S4,Kathy Vavrick-O'Brien,38,2,2,4,4,1,46,0,4,3,0
S4,Paschal English*,37,1,0,3,4,0,56,0,4,4,0
S4,Sean Rector,36,1,0,0,1,0,30,0,4,5,0
S4,Robert DeCanio,33,0,1,1,3,0,38,0,4,6,0
S4,Tammy Leitner,30,0,2,2,4,1,29,0,4,7,0
S4,Zoe Zanadakis,27,0,0,2,4,1,35,0,4,8,0
S4,John Carroll,24,0,0,2,2,0,36,0,4,9,0
S4,Boston Rob Mariano,21,0,0,0,1,0,25,0,4,10,0
S4,Gina Crews,18,0,0,2,1,1,28,0,4,11,0
S4,Gabriel Cade,15,0,0,2,3,0,23,0,4,12,0
S4,Sarah Jones,12,0,0,0,0,1,24,0,4,13,0
S4,Hunter Ellis,9,0,0,0,0,0,33,0,4,14,0
S4,Patricia Jackson,6,0,0,0,0,1,49,0,4,15,0
S4,Peter Harkey,3,0,0,0,0,0,45,0,4,16,0
S5,Brian Heidik,39,2,3,1,5,0,34,0,5,1,1
S5,Clay Jordan,39,0,1,1,5,0,46,0,5,2,0
S5,Jan Gentry,38,0,0,1,5,1,53,0,5,3,0
S5,Helen Glover,37,1,1,1,4,1,47,0,5,4,0
S5,Ted Rogers,36,1,1,1,5,0,37,0,5,5,0
S5,Jake Billingsley,33,0,0,3,3,0,60,0,5,6,0
S5,Penny Ramsey,30,0,0,3,3,1,27,0,5,7,0
S5,Ken Stafford,27,0,0,3,3,0,29,0,5,8,0
S5,Erin Collins,24,0,0,3,3,1,26,0,5,9,0
S5,Shii Ann Huang,21,0,0,1,2,1,28,0,5,10,0
S5,Robb Zbacnick,18,0,0,3,3,0,23,0,5,11,0
S5,Stephanie Dill,15,0,0,1,2,1,29,0,5,12,0
S5,Ghandia Johnson,12,0,0,1,1,1,33,0,5,13,0
S5,Jed Hildebrand,9,0,0,1,2,0,25,0,5,14,0
S5,Tanya Vance,6,0,0,0,0,1,27,0,5,15,0
S5,John Raymond,3,0,0,0,0,0,40,0,5,16,0
S6,Jenna Morasca,39,0,4,2,3,1,21,0,6,1,1
S6,Matt von Ertfelda,39,2,2,1,3,0,33,0,6,2,0
S6,Rob Cesternino,38,0,1,1,3,0,24,0,6,3,0
S6,Butch Lockley,37,0,0,2,3,0,50,0,6,4,0
S6,Heidi Strobel,36,0,0,3,3,1,24,0,6,5,0
S6,Christy Smith,33,0,0,3,3,1,24,0,6,6,0
S6,Alex Bell,30,1,0,2,3,0,32,0,6,7,0
S6,Deena Bennett,27,0,1,3,3,1,35,0,6,8,0
S6,Dave Johnson,24,1,0,3,3,0,23,0,6,9,0
S6,Roger Sexton,21,0,0,2,3,0,56,0,6,10,0
S6,Shawna Mitchell,18,0,0,2,3,1,23,0,6,11,0
S6,Jeanne Hebert,15,0,0,2,2,1,40,0,6,12,0
S6,JoAnna Ward,12,0,0,2,2,1,31,0,6,13,0
S6,Daniel Lue,9,0,0,0,1,0,26,0,6,14,0
S6,Janet Koth,6,0,0,1,1,1,46,0,6,15,0
S6,Ryan Aiken,3,0,0,0,0,0,23,0,6,16,0
S7,Sandra Diaz-Twine,39,0,0,3,3,1,28,0,7,1,1
S7,Lillian Morris,30,0,1,2,1,1,51,0,7,2,0
S7,Jonny Fairplay,38,1,0,3,3,0,29,0,7,3,0
S7,Darrah Johnson,37,0,3,2,3,1,22,0,7,4,0
S7,Burton Roberts,30,1,2,4,4,0,31,0,7,5,0
S7,Christa Hastie,33,0,0,3,3,1,24,0,7,6,0
S7,Tijuana Bradley,30,0,0,1,4,1,26,0,7,7,0
S7,Rupert Boneham,27,1,1,5,4,0,39,0,7,8,0
S7,Ryan Opray,24,0,0,1,4,0,30,0,7,9,0
S7,Andrew Savage,21,0,0,1,3,0,39,0,7,10,0
S7,Osten Taylor*,19,0,0,1,3,0,27,0,7,11,0
S7,Shawn Cohen,19,0,0,3,3,0,28,0,7,12,0
S7,Trish Dunn,19,0,0,4,3,1,42,0,7,13,0
S7,Michelle Tesauro,16,0,0,1,4,1,22,0,7,14,0
S7,Ryan Shoulders,7,0,0,0,1,0,23,0,7,15,0
S7,Nicole Delma,4,0,0,0,1,1,24,0,7,16,0
S8,Amber Brkich,39,0,1,3,5,1,25,0,8,1,1
S8,Boston Rob Mariano,39,1,4,4,6,0,27,0,8,2,0
S8,Jenna Lewis,38,0,0,2,5,1,26,0,8,3,0
S8,Rupert Boneham,37,2,0,2,5,0,39,0,8,4,0
S8,Big Tom Buchanan,36,0,1,1,5,0,48,0,8,5,0
S8,Shii Ann Huang,33,0,1,2,0,1,29,0,8,6,0
S8,Alicia Callaway,30,0,0,4,4,1,35,0,8,7,0
S8,Kathy Vavrick-O'Brien,28,0,1,2,0,1,48,0,8,8,0
S8,Lex Van den Berghe,27,0,0,2,0,0,40,0,8,9,0
S8,Jerri Manthey,24,0,0,2,1,1,33,0,8,10,0
S8,Ethan Zohn,21,0,0,2,1,0,29,0,8,11,0
S8,Colby Donaldson,19,0,0,2,0,0,29,0,8,12,0
S8,Sue Hawk*,17,0,0,0,3,1,42,0,8,13,0
S8,Richard Hatch,15,0,0,1,0,0,42,0,8,14,0
S8,Rob Cesternino,12,0,0,2,2,0,25,0,8,15,0
S8,Jenna Morasca*,9,0,0,0,0,1,22,0,8,16,0
S8,Rudy Boesch,6,0,0,1,0,0,75,0,8,17,0
S8,Tina Wesson,3,0,0,0,0,1,42,0,8,18,0
S9,Chris Daugherty,39,0,3,5,3,0,33,0,9,1,1
S9,Twila Tanner,39,0,1,5,4,1,41,0,9,2,0
S9,Scout Cloud Lee,38,0,0,2,3,1,59,0,9,3,0
S9,Eliza Orlins,37,2,1,4,3,1,21,0,9,4,0
S9,Julie Berry,36,1,0,5,4,1,23,0,9,5,0
S9,Ami Cusack,33,0,2,4,3,1,31,0,9,6,0
S9,Leann Slaby,30,1,0,3,3,1,34,0,9,7,0
S9,Chad Crittenden,27,0,0,5,3,0,34,0,9,8,0
S9,Lea Sarge Masters,24,0,1,4,3,0,40,0,9,9,0
S9,Rory Freeman,21,0,0,2,2,0,35,0,9,10,0
S9,John Kenney,18,0,1,3,3,0,22,0,9,11,0
S9,Lisa Keiffer,15,0,0,2,2,1,44,0,9,12,0
S9,Bubba Sampson,12,0,0,1,1,0,33,0,9,13,0
S9,Brady Finta,10,0,0,1,1,0,33,0,9,14,0
S9,Mia Galeotalanza,7,0,0,1,1,1,29,0,9,15,0
S9,John Palyok,7,0,0,1,1,0,31,0,9,16,0
S9,Dolly Neely,6,0,0,1,1,1,25,0,9,17,0
S9,Brook Geraghty,3,0,0,0,0,0,27,0,9,18,0
S31,Ciera Eastin,26,0,0,5,2,1,26,0,31,10,0
S31,Kass McQuillen,19,0,0,1,3,1,43,0,31,13,0
S31,Kimmi Kappenberg,36,0,0,1,4,1,42,0,31,6,0
S31,Monica Padilla,13,0,0,0,2,1,30,0,31,16,0
S31,Tasha Fox,39,0,0,2,4,1,38,0,31,2,0
S31,Andrew Savage,21,0.5,0,1,3,0,51,0,31,12,0
S31,Jeremy Collins,39,0,1,0,4,0,37,2,31,1,1
S31,Joe Anglim,32,0,4,4,4,0,26,0,31,8,0
S31,Keith Nale,37,1,1,2,4,0,54,0,31,5,0
S31,Stephen Fishbach,29,1,0,1,4,0,36,0,31,9,0
S31,Abi-Maria Gomes,35,0,0,2,1,1,35,0,31,7,0
S31,Kelley Wentworth,38,1,2,2,2,1,28,2,31,4,0
S31,Kelly Wiglesworth,24,0,0,2,1,1,37,0,31,11,0
S31,Peih-Gee Law,9,0,0,0,0,1,37,0,31,18,0
S31,Shirin Oskooi,6,0,0,0,0,1,32,0,31,19,0
S31,Jeff Varner,11,0,0,0,0,0,49,0,31,17,0
S31,Spencer Bledsoe,39,0,3,3,1,0,22,0,31,2,0
S31,Terry Deitz*,13,0.25,0,0,1,0,55,0,31,15,0
S31,Vytas Baskauskas,3,0,0,0,0,0,35,0,31,20,0
S31,Woo Hwang,16,0,0,1,1,0,31,0,31,14,0
S32,Alecia Holden,11,0,0,0,0,1,23,0,32,14,0
S32,Cydney Gillon,37,0,1,1,2,1,22,0,32,4,0
S32,Darnell Hamilton,3,0,0,0,0,0,27,0,32,18,0
S32,Jennifer Lanzetti,6,0,0,0,0,1,37,0,32,17,0
S32,Kyle Jason,32,0,1,2,2,0,30,1,32,6,0
S32,Scot Pollard,27,0,0,3,0,0,40,0,32,8,0
S32,Aubry Bracco,39,1,0,2,2,1,29,0,32,2,0
S32,Debbie Wanner,24,0,0,2,4,1,49,0,32,9,0
S32,Joe Del Campo*,34,1,0,2,1,0,71,0,32,5,0
S32,Liz Markham,8,0,0,0,1,1,26,0,32,16,0
S32,Neal Gottlieb*,19,0,0,0,4,0,38,1,32,11,0
S32,Peter Baggenstos,16,0,0,2,2,0,34,0,32,12,0
S32,Anna Khait,14,0,0,0,1,1,26,0,32,13,0
S32,Caleb Reynolds*,9,0,0,0,2,0,27,0,32,15,0
S32,Julia Sokolowski,29,0.5,1,3,1,1,18,0,32,7,0
S32,Michele Fitzgerald,39,1.5,2,2,3,1,24,0,32,1,1
S32,Nick Maiorano,22,0,1,1,4,0,30,0,32,10,0
S32,Tai Trang,39,0.5,1,4,2,0,51,1,32,3,0
S33,Adam Klein,39,0,1,1,3,0,25,2,33,1,1
S33,Ken McNickle,39,0,4,2,2,0,33,0,33,2,0
S33,David Wright,38,0,2,4,1,0,42,2,33,4,0
S33,Jay Starrett,36,1,2,0,5,0,26,1,33,6,0
S33,Hannah Shapiro,39,0,0,1,5,1,24,0,33,2,0
S33,Will Wahl,34,0,1,0,3,0,18,0,33,8,0
S33,Michaela Bradshaw,20,0,0,0,5,1,25,0,33,14,0
S33,Zeke Smith,33,0,0,4,3,0,28,0,33,9,0
S33,Sunday Burquest,35,0,0,4,2,1,45,0,33,7,0
S33,Chris Hammons,28,0,0,4,1,0,38,0,33,11,0
S33,Bret LaBelle,37,0,0,4,3,0,42,0,33,5,0
S33,Michelle Schubert,23,0,0,2,3,1,28,0,33,13,0
S33,Jessica Lewis,30,0,0,1,2,1,37,1,33,10,0
S33,Figgy Figueroa,18,0,0,0,2,1,23,0,33,15,0
S33,Lucy Huang,12,0,0,1,1,1,42,0,33,17,0
S33,Paul Wachter,10,0,0,0,1,0,52,0,33,18,0
S33,Taylor Stocker,25,0,0,1,4,0,24,0,33,12,0
S33,CeCe Taylor,15,0,0,1,1,1,39,0,33,16,0
S33,Mari Takahashi,7,0,0,0,1,1,31,0,33,19,0
S33,Rachel Ako,4,0,0,0,0,1,37,0,33,20,0
S34,Brad Culpepper,39,0.25,5,3,5,0,47,0,34,2,0
S34,Sarah Lacina,39,0,0,3,3,1,31,0,34,1,1
S34,Andrea Boehlke,33,0,2,6,3,0,27,0,34,8,0
S34,Troyzan Robertson,39,0,1,1,2,1,54,1,34,3,0
S34,Cirie Fields,36,0,0,1,4,1,45,0,34,6,0
S34,Aubry Bracco,37,0,1,3,3,0,30,0,34,5,0
S34,Debbie Wanner,26,0,0,3,3,1,50,0,34,11,0
S34,Tai Trang,38,0.25,1,2,3,1,52,3,34,4,0
S34,Ozzy Lusth,24,0,0,3,3,1,34,0,34,12,0
S34,Malcolm Freberg,11,0.5,0,0,1,0,29,0,34,17,0
S34,Hali Ford,21,0,0,0,3,1,26,0,34,13,0
S34,Zeke Smith,29,0,0,4,3,0,28,0,34,10,0
S34,Sierra Thomas,32,0,0,1,5,1,29,1,34,9,0
S34,Caleb Reynolds,9,0,0,0,0,0,28,0,34,18,0
S34,Jeff Varner,18,0,0,1,1,1,50,0,34,14,0
S34,Michaela Bradshaw,35,0,0,0,3,0,25,0,34,7,0
S34,Sandra Diaz-Twine,16,0,0,0,1,0,41,0,34,15,0
S34,Tony Vlachos,6,0,0,0,0,0,42,0,34,19,0
S34,J.T. Thomas,13,0.5,0,0,3,0,31,1,34,16,0
S34,Ciera Eastin,3,0,0,0,0,1,27,0,34,20,0
S35,Ben Driebergen,39,0,0,2,4,0,34,3,35,1,1
S35,Chrissy Hofbeck,39,1,4,4,1,1,46,0,35,2,0
S35,Devon Pinto,38,0,0,4,0,0,24,0,35,4,0
S35,Lauren Rimmer,33,1,1,1,2,1,35,0,35,7,0
S35,Ryan Ulrich,39,0,0,2,0,0,23,2,35,3,0
S35,Ashley Nolan,36,0,2,2,1,1,26,0,35,6,0
S35,Desi Williams,21,0,0,2,2,1,27,0,35,11,0
S35,Cole Medders,24,0,1,4,5,0,24,0,35,10,0
S35,JP Hilsabeck,27,0,0,3,1,0,28,0,35,9,0
S35,Alan Ball,11,0,0,0,1,0,32,0,35,15,0
S35,Mike Zahalsky,37,0,0,3,4,0,43,1,35,5,0
S35,Ali Elliott,16,0,0,1,0,1,24,0,35,13,0
S35,Joe Mena,30,0,0,4,1,0,34,2,35,8,0
S35,Jessica Johnston,19,0,1,2,5,1,29,0,35,12,0
S35,Patrick Bolton,8,0,0,0,0,0,25,0,35,16,0
S35,Roark Luskin,14,0,0,1,2,1,27,0,35,14,0
S35,Katrina Radke,3,0,0,0,0,1,46,0,35,18,0
S35,Simone Nguyen,6,0,0,0,0,1,25,0,35,17,0
S36,Domenick Abbate,39,0,3,3,4,0,38,1,36,2,0
S36,Wendell Holland,39,0,2,4,6,0,33,1,36,1,1
S36,Laurel Johnson,39,0,1,4,4,1,29,0,36,3,0
S36,Chelsea Townsend,32,0,2,3,3,1,25,0,36,8,0
S36,Sebastian Noel,36,1,0,1,5,0,22,0,36,6,0
S36,Kellyn Bechtold,35,0,1,1,3,1,30,0,36,7,0
S36,Angela Perkins,38,0,1,3,3,1,42,0,36,4,0
S36,Jenna Bowman,29,0,0,1,2,1,23,0,36,10,0
S36,James Lim,17,0,0,2,2,0,24,0,36,15,0
S36,Libby Vincek,25,0,0,4,2,1,24,0,36,12,0
S36,Brendan Shapiro,12,0,0,1,1,0,40,0,36,17,0
S36,Michael Yerger,29,0,0,2,1,0,18,2,36,9,0
S36,Bradley Kleihege,19,0,0,1,3,0,26,0,36,14,0
S36,Donathan Hurley,37,0,0,4,2,0,25,1,36,5,0
S36,Desiree Afuye,27,0,0,0,3,1,21,0,36,11,0
S36,Stephanie Johnson,14,0,0,0,1,1,34,0,36,16,0
S36,Chris Noble,22,0,0,2,6,0,27,1,36,13,0
S36,Morgan Ricke,9,0,0,0,2,1,29,0,36,18,0
S36,Jacob Derwin,6,0,0,0,0,0,22,1,36,19,0
S36,Stephanie Gonzalez,3,0,0,0,0,1,26,0,36,20,0
S37,Nick Wilson,39,0,3,2,1,0,27,1,37,1,1
S37,Mike White,39,0,1,3,2,0,47,0,37,2,0
S37,Kara Kay,38,0,1,3,3,1,30,0,37,4,0
S37,Davie Rickenbacker,36,1,0,3,2,0,30,2,37,6,0
S37,Christian Hubicki,35,0,1,4,3,0,32,1,37,7,0
S37,Gabby Pascuzzi,32,0,0,3,2,1,25,0,37,8,0
S37,John Hennigan,22,0,0,2,4,0,38,0,37,12,0
S37,Dan Rengering,25,0,1,2,4,0,27,2,37,11,0
S37,Alec Merlino,28,0,1,4,3,0,24,0,37,10,0
S37,Angelina Keeley,39,0,0,1,2,1,28,1,37,3,0
S37,Alison Raybould,37,0,1,2,4,1,28,0,37,5,0
S37,Carl Boudreaux,30,0,0,2,2,0,41,0,37,9,0
S37,Natalia Azoqa,11,0,0,0,2,1,25,0,37,16,0
S37,Lyrsa Torres,17,0,0,1,1,1,36,0,37,14,0
S37,Natalie Cole,15,0,0,0,1,1,57,0,37,15,0
S37,Elizabeth Olson,20,0,0,1,2,1,31,0,37,13,0
S37,Jeremy Crawford,9,0,0,0,2,0,39,0,37,18,0
S37,Bi Nguyen*,10,0,0,0,1,1,28,0,37,17,0
S37,Jessica Peet,6,0,0,0,0,1,19,0,37,19,0
S37,Pat Cusack*,3,0,0,0,0,0,41,0,37,20,0
S38,Gavin Whitson,39,1,2,1,3,0,23,0,38,2,0
S38,Chris Underwood,39,1,1,1,0,0,25,1,38,1,1
S38,Rick Devens,38,1,4,3,0,0,34,4,38,4,0
S38,Julie Rosenberg,39,0,2,2,3,1,46,0,38,3,0
S38,Ron Clark,35,1,0,2,5,0,46,0,38,8,0
S38,Aurora McCreary,35,0,2,2,6,1,32,0,38,7,0
S38,Victoria Baamonde,36,0,0,2,2,1,23,0,38,6,0
S38,Julia Carter,35,0,0,2,6,1,25,0,38,12,0
S38,Wardog' DaSilva,35,0,0,3,0,0,38,0,38,9,0
S38,Lauren O'Connell,37,0,0,3,0,1,21,1,38,5,0
S38,Eric Hafemann,35,0,0,1,3,0,35,0,38,13,0
S38,Kelley Wentworth,35,0,0,2,0,1,31,1,38,10,0
S38,Joe Anglim,35,0,0,2,6,0,29,0,38,14,0
S38,David Wright,35,0,0,1,0,0,44,0,38,11,0
S38,Keith Sowell,17,0,0,0,0,0,19,0,38,18,0
S38,Wendy Diaz,14,0,0,1,0,1,25,0,38,17,0
S38,Aubry Bracco,35,0,0,0,3,1,32,1,38,15,0
S38,Reem Daly,35,0,0,0,0,1,46,0,38,16,0
S39,Tommy Sheehan,39,1,0,4,5,0,26,0,39,1,1
S39,Dean Kowalski,39,0,2,1,2,0,28,1,39,2,0
S39,Noura Salman,39,0,3,1,3,1,36,0,39,3,0
S39,Lauren Beck,38,0,1,2,5,1,29,1,39,4,0
S39,Missy Byrd,27,0,1,2,3,1,24,0,39,10,0
S39,Aaron Meredith,27,0,2,2,3,0,36,0,39,11,0
S39,Elizabeth Beisel,30,0,0,3,3,1,26,0,39,9,0
S39,Jason Linden,16,0,0,2,4,0,32,0,39,15,0
S39,Elaine Stott,35,0,1,2,3,1,41,1,39,7,0
S39,Janet Carbin,37,0,0,1,4,1,59,2,39,5,0
S39,Dan Spilo*,36,0,0,3,5,0,48,0,39,6,0
S39,Jack Nichting,19,0,0,0,4,1,23,0,39,14,0
S39,Chelsea Walker,11,0,0,0,1,0,27,1,39,17,0
S39,Kellee Kim,22,0,0,0,4,1,29,3,39,13,0
S39,Tom Laidlaw,14,0,0,0,1,0,60,0,39,16,0
S39,Vince Moua,8,0,0,0,1,0,27,1,39,18,0
S39,Jamal Shipman,24,0,0,0,4,0,33,1,39,12,0
S39,Karishma Patel,32,0,0,0,2,1,37,1,39,8,0
S39,Molly Byman,6,0,0,0,1,1,28,0,39,19,0
S39,Ronnie Bardah,3,0,0,0,0,0,36,0,39,20,0
S40,Tony Vlachos,39,0,4,0,3,0,45,1,40,1,1
S40,Michele Fitzgerald,39,0,2,1,3,1,29,1,40,3,0
S40,Denise Stapley,36,0,2,0,2,1,48,2,40,6,0
S40,Natalie Anderson,39,1,1,0,0,1,33,1,40,2,0
S40,Sandra Diaz-Twine,16,0,0,0,2,1,44,1,40,15,0
S40,Ben Driebergen,37,0,0,3,4,1,36,1,40,5,0
S40,Sarah Lacina,38,0,0,2,5,0,34,0,40,4,0
S40,Yul Kwon,35,0,0,0,4,0,44,0,40,14,0
S40,Nick Wilson,35,0,1,0,4,0,28,0,40,7,0
S40,Sophie Clarke,35,0,0,3,5,0,29,1,40,10,0
S40,Kim Spradlin,35,0,1,2,3,1,36,1,40,9,0
S40,Jeremy Collins,35,0,1,0,2,1,41,0,40,8,0
S40,Ethan Zohn,35,0,0,0,1,0,45,0,40,18,0
S40,Tyson Apostol,35,1,0,0,3,0,39,0,40,11,0
S40,Wendell Holland,35,0,0,0,4,0,35,0,40,13,0
S40,Parvati Shallow,35,0,0,0,3,1,36,0,40,16,0
S40,Boston Rob Mariano,35,0,0,0,2,0,43,0,40,17,0
S40,Adam Klein,35,0,0,1,4,0,28,0,40,12,0
S40,Danni Boatwright,35,0,0,0,1,1,43,0,40,19,0
S40,Amber Mariano,35,0,0,0,1,1,40,0,40,20,0
,,,,,,,,,,,,
,,,,,,,,,,,,
,,,,,,,,,,,,
,,,,,,,,,,,,
,,,,,,,,,,,,
,,,,,,,,,,,,
,,,,,,,,,,,,
,,,,,,,,,,,,
,,,,,,,,,,,,Top 3 Finalist
,,,,,,,,,,,,61
,,,,,,,,,,,,51%
,,,,,,,,,,,,59
,,,,,,,,,,,,49%
,,,,,,,,,,,,120
